X1,X2,X3,X4,X5,X6,X7,X8,X9,X10,X11,X12,X13,X14,X15,X16,X17,X18,X19,X20,X21,X22,X23,X24,X25,X26,X27,X28,X29,X30,X31,X32,X33,X34,X35,X36,X37,X38,X39,X40,X41,X42,X43,X44,X45,X46,X47,X48,X49,X50,X51,X52,X53,X54,X55,X56,X57,X58,X59,X60,X61,X62,X63,X64,X65,X66,X67,X68,X69,X70,X71,X72,X73,X74,X75,X76,X77,X78,X79,X80,X81,X82,X83,X84,X85,X86,X87,X88,X89,X90,X91,X92,X93,X94,X95,X96,X97,X98,X99,X100,X101,X102,X103,X104,X105,X106,X107,X108,X109,X110,X111,X112,X113,X114,X115,X116,X117,X118,X119,X120,X121,X122,X123,X124,X125,X126,X127,X128,X129,X130,X131,X132,X133,X134,X135,X136,X137,X138,X139,X140,X141,X142,X143,X144,X145,X146,X147,X148,X149,X150,X151,X152,X153,X154,X155,X156,X157,X158,X159,X160,X161,X162,X163,X164,X165,X166,X167,X168,X169,X170,X171,X172,X173,X174,X175,X176,X177,X178
135,190,229,223,192,125,55,-9,-33,-38,-10,35,64,113,152,164,127,50,-47,-121,-138,-125,-101,-50,11,39,24,48,64,46,13,-19,-61,-96,-130,-132,-116,-115,-71,-14,25,19,6,9,21,13,-37,-58,-33,5,47,80,101,88,73,69,41,-13,-31,-61,-80,-77,-66,-43,5,87,129,121,88,12,-76,-150,-207,-186,-165,-148,-103,-33,40,94,75,8,-81,-155,-227,-262,-233,-218,-187,-126,-65,-12,27,61,49,9,-46,-124,-210,-281,-265,-181,-89,-4,53,53,38,43,31,34,9,-7,-34,-70,-84,-101,-70,-11,42,62,66,74,64,59,56,36,-11,-30,-43,-23,8,42,77,103,135,121,79,59,43,54,90,111,107,64,32,18,-25,-69,-65,-44,-33,-57,-88,-114,-130,-114,-83,-53,-79,-72,-85,-109,-98,-72,-65,-63,-11,10,8,-17,-15,-31,-77,-103,-127,-116,-83,-51
386,382,356,331,320,315,307,272,244,232,237,258,212,2,-267,-605,-850,-1001,-1109,-1090,-967,-746,-464,-152,118,318,427,473,485,447,397,339,312,314,326,335,332,324,310,312,309,309,303,297,295,295,293,286,279,283,301,308,285,252,215,194,169,111,-74,-388,-679,-892,-949,-972,-1001,-1006,-949,-847,-668,-432,-153,72,226,326,392,461,495,513,511,496,479,453,440,427,414,399,385,385,404,432,444,437,418,392,373,363,365,372,385,388,383,371,360,353,334,303,252,200,153,151,143,48,-206,-548,-859,-1067,-1069,-957,-780,-597,-460,-357,-276,-224,-210,-350,-930,-1413,-1716,-1360,-662,-96,243,323,241,29,-167,-228,-136,27,146,229,269,297,307,303,305,306,307,280,231,159,85,51,43,62,63,63,69,89,123,136,127,102,95,105,131,163,168,164,150,146,152,157,156,154,143,129
-32,-39,-47,-37,-32,-36,-57,-73,-85,-94,-99,-94,-96,-104,-103,-92,-75,-69,-69,-53,-37,-14,-10,-39,-78,-102,-98,-80,-54,-40,-35,-39,-32,-13,7,34,41,33,6,-15,-30,-47,-53,-65,-64,-68,-85,-98,-109,-82,-57,-38,-40,-36,-31,-13,11,19,9,-20,-48,-71,-198,-198,-198,-198,-198,-198,-198,-198,-198,-198,-198,-198,-198,-198,-198,-198,-198,-198,-198,-198,-198,-198,-198,-198,-198,-198,-198,-198,-198,-198,-198,-198,-198,-198,-198,-198,-198,-198,-198,-198,-198,-198,-198,-198,-198,-198,-198,-198,-198,-198,-198,-198,-198,-198,-198,-198,-198,-198,-198,-198,-198,-198,-198,-198,-198,-198,-198,-198,-198,-198,-198,-198,-198,-198,-198,-198,-198,-198,-198,-198,-198,-198,-198,-198,-198,-198,-198,-198,-198,-198,-198,-198,-198,-198,-198,-198,-198,-198,-198,-198,-198,-198,-198,-198,-198,-198,-198,-198,-198,-198,-198,-198,-198,-35,-35,-36
-105,-101,-96,-92,-89,-95,-102,-100,-87,-79,-72,-68,-74,-80,-83,-73,-68,-61,-58,-59,-64,-79,-84,-97,-94,-84,-77,-75,-72,-68,-76,-76,-72,-67,-69,-69,-69,-67,-68,-69,-67,-66,-58,-54,-56,-70,-80,-82,-85,-74,-70,-71,-82,-88,-93,-97,-89,-87,-83,-103,-103,-103,-103,-103,-103,-103,-103,-103,-103,-103,-103,-103,-103,-103,-103,-103,-103,-103,-103,-103,-103,-103,-103,-103,-103,-103,-103,-103,-103,-103,-103,-103,-103,-103,-103,-103,-103,-103,-103,-103,-103,-103,-103,-103,-103,-103,-103,-103,-103,-103,-103,-103,-103,-103,-103,-103,-103,-103,-103,-103,-103,-103,-103,-103,-103,-103,-103,-103,-103,-103,-103,-103,-103,-103,-103,-103,-103,-103,-103,-103,-103,-103,-103,-103,-103,-103,-103,-103,-103,-103,-103,-103,-103,-103,-103,-103,-103,-103,-103,-103,-103,-103,-103,-103,-103,-103,-103,-103,-103,-103,-103,-80,-77,-85,-77,-72,-69,-65
-9,-65,-98,-102,-78,-48,-16,0,-21,-59,-90,-103,-84,-43,-9,3,-21,-60,-96,-103,-75,-29,14,55,78,73,28,-13,-43,-68,-78,-75,-55,-41,-19,-20,-29,-36,-20,1,16,14,-14,-42,-56,-45,-45,-45,-38,-47,-45,-37,-3,23,39,27,0,-28,-44,-103,-103,-103,-103,-103,-103,-103,-103,-103,-103,-103,-103,-103,-103,-103,-103,-103,-103,-103,-103,-103,-103,-103,-103,-103,-103,-103,-103,-103,-103,-103,-103,-103,-103,-103,-103,-103,-103,-103,-103,-103,-103,-103,-103,-103,-103,-103,-103,-103,-103,-103,-103,-103,-103,-103,-103,-103,-103,-103,-103,-103,-103,-103,-103,-103,-103,-103,-103,-103,-103,-103,-103,-103,-103,-103,-103,-103,-103,-103,-103,-103,-103,-103,-103,-103,-103,-103,-103,-103,-103,-103,-103,-103,-103,-103,-103,-103,-103,-103,-103,-103,-103,-103,-103,-103,-103,-103,-103,-103,-103,-103,-103,-12,-32,-41,-65,-83,-89,-73
55,28,18,16,16,19,25,40,52,66,81,98,111,122,105,85,66,51,34,19,16,8,-5,-21,-18,-14,3,27,46,57,60,51,35,22,20,28,28,35,43,46,62,83,92,100,107,100,82,65,42,20,-8,-7,17,53,82,98,96,86,71,-103,-103,-103,-103,-103,-103,-103,-103,-103,-103,-103,-103,-103,-103,-103,-103,-103,-103,-103,-103,-103,-103,-103,-103,-103,-103,-103,-103,-103,-103,-103,-103,-103,-103,-103,-103,-103,-103,-103,-103,-103,-103,-103,-103,-103,-103,-103,-103,-103,-103,-103,-103,-103,-103,-103,-103,-103,-103,-103,-103,-103,-103,-103,-103,-103,-103,-103,-103,-103,-103,-103,-103,-103,-103,-103,-103,-103,-103,-103,-103,-103,-103,-103,-103,-103,-103,-103,-103,-103,-103,-103,-103,-103,-103,-103,-103,-103,-103,-103,-103,-103,-103,-103,-103,-103,-103,-103,-103,-103,-103,-103,-103,-42,-54,-60,-64,-60,-56,-55
-55,-9,52,111,135,129,103,72,37,0,-38,-77,-113,-128,-121,-105,-71,-27,13,44,60,64,40,30,25,28,34,31,18,-19,-53,-76,-81,-74,-57,-36,-21,12,55,99,115,118,98,67,25,-16,-50,-66,-51,-18,17,48,68,77,75,75,63,48,36,-103,-103,-103,-103,-103,-103,-103,-103,-103,-103,-103,-103,-103,-103,-103,-103,-103,-103,-103,-103,-103,-103,-103,-103,-103,-103,-103,-103,-103,-103,-103,-103,-103,-103,-103,-103,-103,-103,-103,-103,-103,-103,-103,-103,-103,-103,-103,-103,-103,-103,-103,-103,-103,-103,-103,-103,-103,-103,-103,-103,-103,-103,-103,-103,-103,-103,-103,-103,-103,-103,-103,-103,-103,-103,-103,-103,-103,-103,-103,-103,-103,-103,-103,-103,-103,-103,-103,-103,-103,-103,-103,-103,-103,-103,-103,-103,-103,-103,-103,-103,-103,-103,-103,-103,-103,-103,-103,-103,-103,-103,-103,-103,-79,-62,-41,-26,11,67,128
1,-2,-8,-11,-12,-17,-15,-16,-18,-17,-19,-18,-16,-15,-14,-21,-19,-24,-24,-24,-17,-20,-23,-15,-17,-20,-18,-19,-20,-19,-18,-20,-25,-27,-24,-22,-20,-9,0,12,18,25,23,20,17,12,6,-1,-5,-10,-13,-13,-17,-20,-20,-19,-20,-21,-22,-103,-103,-103,-103,-103,-103,-103,-103,-103,-103,-103,-103,-103,-103,-103,-103,-103,-103,-103,-103,-103,-103,-103,-103,-103,-103,-103,-103,-103,-103,-103,-103,-103,-103,-103,-103,-103,-103,-103,-103,-103,-103,-103,-103,-103,-103,-103,-103,-103,-103,-103,-103,-103,-103,-103,-103,-103,-103,-103,-103,-103,-103,-103,-103,-103,-103,-103,-103,-103,-103,-103,-103,-103,-103,-103,-103,-103,-103,-103,-103,-103,-103,-103,-103,-103,-103,-103,-103,-103,-103,-103,-103,-103,-103,-103,-103,-103,-103,-103,-103,-103,-103,-103,-103,-103,-103,-103,-103,-103,-103,-103,-103,-97,-88,-76,-72,-66,-57,-39
-278,-246,-215,-191,-177,-167,-157,-139,-118,-92,-63,-39,-11,14,36,60,70,78,79,69,27,-45,-123,-183,-218,-242,-256,-256,-236,-205,-165,-125,-84,-41,-10,12,35,58,71,85,98,107,106,97,77,46,-2,-77,-130,-142,-141,-120,-144,-170,-189,-215,-237,-242,-236,-103,-103,-103,-103,-103,-103,-103,-103,-103,-103,-103,-103,-103,-103,-103,-103,-103,-103,-103,-103,-103,-103,-103,-103,-103,-103,-103,-103,-103,-103,-103,-103,-103,-103,-103,-103,-103,-103,-103,-103,-103,-103,-103,-103,-103,-103,-103,-103,-103,-103,-103,-103,-103,-103,-103,-103,-103,-103,-103,-103,-103,-103,-103,-103,-103,-103,-103,-103,-103,-103,-103,-103,-103,-103,-103,-103,-103,-103,-103,-103,-103,-103,-103,-103,-103,-103,-103,-103,-103,-103,-103,-103,-103,-103,-103,-103,-103,-103,-103,-103,-103,-103,-103,-103,-103,-103,-103,-103,-103,-103,-103,-103,-336,-281,-226,-174,-125,-79,-40
8,15,13,3,-6,-8,-5,4,25,41,48,44,34,16,-2,-11,-24,11,33,43,48,42,33,14,-1,-7,-17,-36,-59,-74,-88,-84,-64,-37,-8,24,47,49,42,22,0,-21,-26,-18,-12,-7,-9,-16,-31,-37,-41,-36,-26,-6,12,18,30,38,48,-103,-103,-103,-103,-103,-103,-103,-103,-103,-103,-103,-103,-103,-103,-103,-103,-103,-103,-103,-103,-103,-103,-103,-103,-103,-103,-103,-103,-103,-103,-103,-103,-103,-103,-103,-103,-103,-103,-103,-103,-103,-103,-103,-103,-103,-103,-103,-103,-103,-103,-103,-103,-103,-103,-103,-103,-103,-103,-103,-103,-103,-103,-103,-103,-103,-103,-103,-103,-103,-103,-103,-103,-103,-103,-103,-103,-103,-103,-103,-103,-103,-103,-103,-103,-103,-103,-103,-103,-103,-103,-103,-103,-103,-103,-103,-103,-103,-103,-103,-103,-103,-103,-103,-103,-103,-103,-103,-103,-103,-103,-103,-103,11,-5,-17,-19,-15,-15,-11
-5,15,28,28,9,-29,-41,-19,14,30,22,-6,-30,-40,-42,-48,-50,-55,-58,-66,-49,-20,11,27,28,25,15,6,-16,-44,-40,-17,17,31,25,7,-6,-6,1,0,-28,-47,-64,-68,-73,-73,-69,-52,-9,20,39,20,2,-28,-62,-88,-118,-141,-134,-103,-103,-103,-103,-103,-103,-103,-103,-103,-103,-103,-103,-103,-103,-103,-103,-103,-103,-103,-103,-103,-103,-103,-103,-103,-103,-103,-103,-103,-103,-103,-103,-103,-103,-103,-103,-103,-103,-103,-103,-103,-103,-103,-103,-103,-103,-103,-103,-103,-103,-103,-103,-103,-103,-103,-103,-103,-103,-103,-103,-103,-103,-103,-103,-103,-103,-103,-103,-103,-103,-103,-103,-103,-103,-103,-103,-103,-103,-103,-103,-103,-103,-103,-103,-103,-103,-103,-103,-103,-103,-103,-103,-103,-103,-103,-103,-103,-103,-103,-103,-103,-103,-103,-103,-103,-103,-103,-103,-103,-103,-103,-103,25,16,-16,-74,-101,-89,-49
-167,-230,-280,-315,-338,-369,-405,-392,-298,-140,27,146,211,223,214,187,167,166,179,192,190,168,129,85,43,4,-28,-47,-43,-24,-7,12,32,43,12,-70,-181,-292,-374,-410,-382,-335,-232,-128,-6,106,233,312,423,550,695,816,839,769,661,525,383,292,267,339,451,537,564,534,444,305,160,27,-74,-147,-205,-242,-274,-304,-331,-355,-372,-380,-370,-341,-299,-257,-235,-249,-300,-381,-399,-345,-183,17,178,274,288,265,229,193,160,106,34,-51,-120,-166,-189,-207,-225,-242,-251,-255,-237,-202,-120,19,186,340,441,465,410,288,130,-16,-123,-194,-232,-255,-272,-266,-255,-209,-168,-142,-148,-169,-180,-174,-107,12,206,419,596,683,679,596,472,330,168,26,-63,-73,-37,25,61,67,53,28,-6,-44,-92,-154,-211,-257,-258,-168,-32,140,277,366,408,416,415,423,434,416,374,319,268,215,165,103
